feature,protlabels
PRCP,CARDIOMETABOLIC
CA1,CARDIOMETABOLIC
ICAM1,CARDIOMETABOLIC
CHL1,CARDIOMETABOLIC
TGFBI,CARDIOMETABOLIC
ENG,CARDIOMETABOLIC
PLTP,CARDIOMETABOLIC
SERPINA7,CARDIOMETABOLIC
IGFBP3,CARDIOMETABOLIC
CR2,CARDIOMETABOLIC
SERPINA5,CARDIOMETABOLIC
FCGR3B,CARDIOMETABOLIC
IGFBP6,CARDIOMETABOLIC
CDH1,CARDIOMETABOLIC
CCL5,CARDIOMETABOLIC
CCL14,CARDIOMETABOLIC
GNLY,CARDIOMETABOLIC
NOTCH1,CARDIOMETABOLIC
PAM,CARDIOMETABOLIC
PROC,CARDIOMETABOLIC
CST3,CARDIOMETABOLIC
NCAM1,CARDIOMETABOLIC
PCOLCE,CARDIOMETABOLIC
LILRB1,CARDIOMETABOLIC
MET,CARDIOMETABOLIC
LTBP2,CARDIOMETABOLIC
IL7R,CARDIOMETABOLIC
VCAM1,CARDIOMETABOLIC
SELL,CARDIOMETABOLIC
F11,CARDIOMETABOLIC
COMP,CARDIOMETABOLIC
CA4,CARDIOMETABOLIC
PTPRS,CARDIOMETABOLIC
MBL2,CARDIOMETABOLIC
TIMP1,CARDIOMETABOLIC
ANGPTL3,CARDIOMETABOLIC
REG3A,CARDIOMETABOLIC
SOD1,CARDIOMETABOLIC
CD46,CARDIOMETABOLIC
ITGAM,CARDIOMETABOLIC
TNC,CARDIOMETABOLIC
NID1,CARDIOMETABOLIC
CFHR5,CARDIOMETABOLIC
SPARCL1,CARDIOMETABOLIC
PLXNB2,CARDIOMETABOLIC
MEGF9,CARDIOMETABOLIC
ANG,CARDIOMETABOLIC
ST6GAL1,CARDIOMETABOLIC
DPP4,CARDIOMETABOLIC
REG1A,CARDIOMETABOLIC
QPCT,CARDIOMETABOLIC
FCN2,CARDIOMETABOLIC
FETUB,CARDIOMETABOLIC
CES1,CARDIOMETABOLIC
CRTAC1,CARDIOMETABOLIC
TCN2,CARDIOMETABOLIC
PRSS2,CARDIOMETABOLIC
ICAM3,CARDIOMETABOLIC
SAA4,CARDIOMETABOLIC
CNDP1,CARDIOMETABOLIC
FCGR2A,CARDIOMETABOLIC
NRP1,CARDIOMETABOLIC
EFEMP1,CARDIOMETABOLIC
TIMD4,CARDIOMETABOLIC
FAP,CARDIOMETABOLIC
TIE1,CARDIOMETABOLIC
THBS4,CARDIOMETABOLIC
F7,CARDIOMETABOLIC
GP1BA,CARDIOMETABOLIC
LYVE1,CARDIOMETABOLIC
CA3,CARDIOMETABOLIC
TGFBR3,CARDIOMETABOLIC
DEFA1,CARDIOMETABOLIC
CD59,CARDIOMETABOLIC
APOM,CARDIOMETABOLIC
OSMR,CARDIOMETABOLIC
LILRB2,CARDIOMETABOLIC
UMOD,CARDIOMETABOLIC
CCL18,CARDIOMETABOLIC
COL18A1,CARDIOMETABOLIC
LCN2,CARDIOMETABOLIC
KIT,CARDIOMETABOLIC
C1QTNF1,CARDIOMETABOLIC
AOC3,CARDIOMETABOLIC
GAS6,CARDIOMETABOLIC
IGLC2,CARDIOMETABOLIC
PLA2G7,CARDIOMETABOLIC
TNXB,CARDIOMETABOLIC
MFAP5,CARDIOMETABOLIC
VASN,CARDIOMETABOLIC
LILRB5,CARDIOMETABOLIC
C2,CARDIOMETABOLIC
BMP.6,CARDIOVASCULAR
ANG.1,CARDIOVASCULAR
ADM,CARDIOVASCULAR
CD40.L,CARDIOVASCULAR
SLAMF7,CARDIOVASCULAR
PGF,CARDIOVASCULAR
ADAM.TS13,CARDIOVASCULAR
BOC,CARDIOVASCULAR
IL.4RA,CARDIOVASCULAR
SRC,CARDIOVASCULAR
IL.1ra,CARDIOVASCULAR
IL6,CARDIOVASCULAR
TNFRSF10A,CARDIOVASCULAR
STK4,CARDIOVASCULAR
IDUA,CARDIOVASCULAR
TNFRSF11A,CARDIOVASCULAR
PAR.1,CARDIOVASCULAR
TRAIL.R2,CARDIOVASCULAR
PRSS27,CARDIOVASCULAR
TIE2,CARDIOVASCULAR
TF,CARDIOVASCULAR
IL1RL2,CARDIOVASCULAR
PDGF.subunit.B,CARDIOVASCULAR
IL.27,CARDIOVASCULAR
IL.17D,CARDIOVASCULAR
CXCL1,CARDIOVASCULAR
LOX.1,CARDIOVASCULAR
Gal.9,CARDIOVASCULAR
GIF,CARDIOVASCULAR
SCF,CARDIOVASCULAR
IL18,CARDIOVASCULAR
FGF.21,CARDIOVASCULAR
PIgR,CARDIOVASCULAR
RAGE,CARDIOVASCULAR
SOD2,CARDIOVASCULAR
CTRC,CARDIOVASCULAR
FGF.23,CARDIOVASCULAR
SPON2,CARDIOVASCULAR
GH,CARDIOVASCULAR
FS,CARDIOVASCULAR
GLO1,CARDIOVASCULAR
CD84,CARDIOVASCULAR
PAPPA,CARDIOVASCULAR
SERPINA12,CARDIOVASCULAR
REN,CARDIOVASCULAR
DECR1,CARDIOVASCULAR
MERTK,CARDIOVASCULAR
KIM1,CARDIOVASCULAR
THBS2,CARDIOVASCULAR
TM,CARDIOVASCULAR
VSIG2,CARDIOVASCULAR
AMBP,CARDIOVASCULAR
PRELP,CARDIOVASCULAR
HO.1,CARDIOVASCULAR
XCL1,CARDIOVASCULAR
IL16,CARDIOVASCULAR
SORT1,CARDIOVASCULAR
CEACAM8,CARDIOVASCULAR
PTX3,CARDIOVASCULAR
PSGL.1,CARDIOVASCULAR
CCL17,CARDIOVASCULAR
CCL3,CARDIOVASCULAR
MMP7,CARDIOVASCULAR
IgG.Fc.receptor.II.b,CARDIOVASCULAR
ITGB1BP2,CARDIOVASCULAR
DCN,CARDIOVASCULAR
Dkk.1,CARDIOVASCULAR
LPL,CARDIOVASCULAR
PRSS8,CARDIOVASCULAR
AGRP,CARDIOVASCULAR
HB.EGF,CARDIOVASCULAR
GDF.2,CARDIOVASCULAR
FABP2,CARDIOVASCULAR
THPO,CARDIOVASCULAR
MARCO,CARDIOVASCULAR
GT,CARDIOVASCULAR
BNP,CARDIOVASCULAR
MMP12,CARDIOVASCULAR
ACE2,CARDIOVASCULAR
PD.L2,CARDIOVASCULAR
CTSL1,CARDIOVASCULAR
hOSCAR,CARDIOVASCULAR
TNFRSF13B,CARDIOVASCULAR
TGM2,CARDIOVASCULAR
LEP,CARDIOVASCULAR
CA5A,CARDIOVASCULAR
HSP.27,CARDIOVASCULAR
CD4,CARDIOVASCULAR
NEMO,CARDIOVASCULAR
VEGFD,CARDIOVASCULAR
PARP.1,CARDIOVASCULAR
HAOX1,CARDIOVASCULAR
TNFRSF14,CARDIOVASCULAR
LDL.receptor,CARDIOVASCULAR
ITGB2,CARDIOVASCULAR
IL.17RA,CARDIOVASCULAR
TNF.R2,CARDIOVASCULAR
MMP.9,CARDIOVASCULAR
EPHB4,CARDIOVASCULAR
IL2.RA,CARDIOVASCULAR
OPG,CARDIOVASCULAR
ALCAM,CARDIOVASCULAR
TFF3,CARDIOVASCULAR
SELP,CARDIOVASCULAR
CSTB,CARDIOVASCULAR
MCP.1,CARDIOVASCULAR
CD163,CARDIOVASCULAR
Gal.3,CARDIOVASCULAR
GRN,CARDIOVASCULAR
MEPE,CARDIOVASCULAR
BLM.hydrolase,CARDIOVASCULAR
PLC,CARDIOVASCULAR
LTBR,CARDIOVASCULAR
Notch.3,CARDIOVASCULAR
TIMP4,CARDIOVASCULAR
CNTN1,CARDIOVASCULAR
CDH5,CARDIOVASCULAR
TLT.2,CARDIOVASCULAR
FABP4,CARDIOVASCULAR
TFPI,CARDIOVASCULAR
PAI,CARDIOVASCULAR
CCL24,CARDIOVASCULAR
TR,CARDIOVASCULAR
TNFRSF10C,CARDIOVASCULAR
GDF.15,CARDIOVASCULAR
SELE,CARDIOVASCULAR
AZU1,CARDIOVASCULAR
DLK.1,CARDIOVASCULAR
SPON1,CARDIOVASCULAR
MPO,CARDIOVASCULAR
CXCL16,CARDIOVASCULAR
IL.6RA,CARDIOVASCULAR
RETN,CARDIOVASCULAR
IGFBP.1,CARDIOVASCULAR
CHIT1,CARDIOVASCULAR
TR.AP,CARDIOVASCULAR
PSP.D,CARDIOVASCULAR
PI3,CARDIOVASCULAR
Ep.CAM,CARDIOVASCULAR
AP.N,CARDIOVASCULAR
AXL,CARDIOVASCULAR
IL.1RT1,CARDIOVASCULAR
MMP.2,CARDIOVASCULAR
FAS,CARDIOVASCULAR
MB,CARDIOVASCULAR
TNFSF13B,CARDIOVASCULAR
PRTN3,CARDIOVASCULAR
PCSK9,CARDIOVASCULAR
U.PAR,CARDIOVASCULAR
OPN,CARDIOVASCULAR
CTSD,CARDIOVASCULAR
PGLYRP1,CARDIOVASCULAR
CPA1,CARDIOVASCULAR
JAM.A,CARDIOVASCULAR
Gal.4,CARDIOVASCULAR
IL.1RT2,CARDIOVASCULAR
SHPS.1,CARDIOVASCULAR
CCL15,CARDIOVASCULAR
CASP.3,CARDIOVASCULAR
uPA,CARDIOVASCULAR
CPB1,CARDIOVASCULAR
CHI3L1,CARDIOVASCULAR
ST2,CARDIOVASCULAR
t.PA,CARDIOVASCULAR
SCGB3A2,CARDIOVASCULAR
EGFR,CARDIOVASCULAR
IGFBP.7,CARDIOVASCULAR
CD93,CARDIOVASCULAR
IL.18BP,CARDIOVASCULAR
COL1A1,CARDIOVASCULAR
PON3,CARDIOVASCULAR
CTSZ,CARDIOVASCULAR
MMP.3,CARDIOVASCULAR
RARRES2,CARDIOVASCULAR
ICAM.2,CARDIOVASCULAR
KLK6,CARDIOVASCULAR
PDGF.subunit.A,CARDIOVASCULAR
TNF.R1,CARDIOVASCULAR
IGFBP.2,CARDIOVASCULAR
vWF,CARDIOVASCULAR
PECAM.1,CARDIOVASCULAR
NT.proBNP,CARDIOVASCULAR
CCL16,CARDIOVASCULAR
GCG,CELL REGULATION
SLAMF8,CELL REGULATION
SLITRK2,CELL REGULATION
TACC3,CELL REGULATION
LRRN1,CELL REGULATION
SORCS2,CELL REGULATION
FAM19A5,CELL REGULATION
BGN,CELL REGULATION
AMIGO2,CELL REGULATION
PFKM,CELL REGULATION
COL4A1,CELL REGULATION
GH2,CELL REGULATION
ARSB,CELL REGULATION
RGS8,CELL REGULATION
CBL,CELL REGULATION
SIGLEC10,CELL REGULATION
OMG,CELL REGULATION
CFC1,CELL REGULATION
SKAP1,CELL REGULATION
MRC2,CELL REGULATION
IQGAP2,CELL REGULATION
LYAR,CELL REGULATION
SLITRK6,CELL REGULATION
GALNT2,CELL REGULATION
GFRA2,CELL REGULATION
SIGLEC6,CELL REGULATION
BCL2L11,CELL REGULATION
MOG,CELL REGULATION
GKN1,CELL REGULATION
DCBLD2,CELL REGULATION
PRDX6,CELL REGULATION
METAP1D,CELL REGULATION
FATC1,CELL REGULATION
CRX,CELL REGULATION
TACSTD2,CELL REGULATION
WASF1,CELL REGULATION
TDRKH,CELL REGULATION
ARHGEF12,CELL REGULATION
PREB,CELL REGULATION
GSAP,CELL REGULATION
SEMA4C,CELL REGULATION
NINJ1,CELL REGULATION
CPXM1,CELL REGULATION
CDNF,CELL REGULATION
LYPD1,CELL REGULATION
NCLN,CELL REGULATION
BOC.1,CELL REGULATION
TP53,CELL REGULATION
LRMP,CELL REGULATION
ARHGAP1,CELL REGULATION
TCL1B,CELL REGULATION
FGF.21.1,CELL REGULATION
SEZ6L2,CELL REGULATION
JUN,CELL REGULATION
ATG4A,CELL REGULATION
SULT2A1,CELL REGULATION
DDAH1,CELL REGULATION
PROK1,CELL REGULATION
CAMKK1,CELL REGULATION
PODXL2,CELL REGULATION
VAMP5,CELL REGULATION
LGALS7,CELL REGULATION
OPTC,CELL REGULATION
BCR,CELL REGULATION
KLK12,CELL REGULATION
DKKL1,CELL REGULATION
KAZALD1,CELL REGULATION
PCDH17,CELL REGULATION
APBB1IP,CELL REGULATION
HS6ST1,CELL REGULATION
TNFRSF10A.1,CELL REGULATION
STX16,CELL REGULATION
IGSF3,CELL REGULATION
HS3ST3B1,CELL REGULATION
CRISP2,CELL REGULATION
WNT9A,CELL REGULATION
NFKBIE,CELL REGULATION
PAK4,CELL REGULATION
STX6,CELL REGULATION
DNAJB1,CELL REGULATION
DCTN2,CELL REGULATION
AGR3,CELL REGULATION
VEGFD.1,CELL REGULATION
FLI1,CELL REGULATION
ZBTB16,CELL REGULATION
WASF3,CELL REGULATION
ZBTB17,CELL REGULATION
MAP2K6,CELL REGULATION
ENTPD6,CELL REGULATION
CLSTN3,CELL REGULATION
IL17RB,CELL REGULATION
GCNT1,CELL REGULATION
CTSF,DEVELOPMENT
MATN2,DEVELOPMENT
HTRA2,DEVELOPMENT
MFGE8,DEVELOPMENT
NUDT5,DEVELOPMENT
ACAN,DEVELOPMENT
ITGB1,DEVELOPMENT
DKK3,DEVELOPMENT
SPINT2,DEVELOPMENT
APP,DEVELOPMENT
HAVCR2,DEVELOPMENT
DSC2,DEVELOPMENT
TMSB10,DEVELOPMENT
ANGPTL4,DEVELOPMENT
INHBC,DEVELOPMENT
SPINK1,DEVELOPMENT
CLEC11A,DEVELOPMENT
PDGFRB,DEVELOPMENT
COCH,DEVELOPMENT
FCRL5,DEVELOPMENT
PILRA,DEVELOPMENT
B4GALT1,DEVELOPMENT
CD300LG,DEVELOPMENT
PARK7,DEVELOPMENT
BLVRB,DEVELOPMENT
PLA2G4A,DEVELOPMENT
CD74,DEVELOPMENT
CCL21,DEVELOPMENT
PTPRF,DEVELOPMENT
BCAM,DEVELOPMENT
SIRPB1,DEVELOPMENT
IGF2R,DEVELOPMENT
P4HB,DEVELOPMENT
FUCA1,DEVELOPMENT
ESAM,DEVELOPMENT
BST1,DEVELOPMENT
CST6,DEVELOPMENT
MYOC,DEVELOPMENT
SNAP29,DEVELOPMENT
WFIKKN2,DEVELOPMENT
CDON,DEVELOPMENT
CD177,DEVELOPMENT
NID2,DEVELOPMENT
DAG1,DEVELOPMENT
CD97,DEVELOPMENT
PTPN6,DEVELOPMENT
CD109,DEVELOPMENT
VSIG4,DEVELOPMENT
CRIM1,DEVELOPMENT
CGA,DEVELOPMENT
CLEC14A,DEVELOPMENT
CA6,DEVELOPMENT
MIF,DEVELOPMENT
CRELD2,DEVELOPMENT
ITGA5,DEVELOPMENT
PEAR1,DEVELOPMENT
MESDC2,DEVELOPMENT
CD99L2,DEVELOPMENT
SCARF1,DEVELOPMENT
LGMN,DEVELOPMENT
SEMA7A,DEVELOPMENT
COLEC12,DEVELOPMENT
GUSB,DEVELOPMENT
FUT3.FUT5,DEVELOPMENT
STIP1,DEVELOPMENT
B4GAT1,DEVELOPMENT
CD69,DEVELOPMENT
CRHBP,DEVELOPMENT
MSMB,DEVELOPMENT
SPINT1,DEVELOPMENT
FSTL3,DEVELOPMENT
IL13RA1,DEVELOPMENT
CD58,DEVELOPMENT
SCGB3A1,DEVELOPMENT
NOV,DEVELOPMENT
CNTN4,DEVELOPMENT
CA2,DEVELOPMENT
XG,DEVELOPMENT
ARSA,DEVELOPMENT
PPIB,DEVELOPMENT
SPINK5,DEVELOPMENT
OMD,DEVELOPMENT
PEBP1,DEVELOPMENT
PAMR1,DEVELOPMENT
ROBO1,DEVELOPMENT
FCER2,DEVELOPMENT
LAMA4,DEVELOPMENT
LAIR1,DEVELOPMENT
RELT,DEVELOPMENT
TPP1,DEVELOPMENT
CD209,DEVELOPMENT
PPP1R9B,IMMUNE RESPONSE
GLB1,IMMUNE RESPONSE
PSIP1,IMMUNE RESPONSE
ZBTB16.1,IMMUNE RESPONSE
IRAK4,IMMUNE RESPONSE
TPSAB1,IMMUNE RESPONSE
HCLS1,IMMUNE RESPONSE
CNTNAP2,IMMUNE RESPONSE
CLEC4G,IMMUNE RESPONSE
IRF9,IMMUNE RESPONSE
EDAR,IMMUNE RESPONSE
IL6.1,IMMUNE RESPONSE
DGKZ,IMMUNE RESPONSE
CLEC4C,IMMUNE RESPONSE
IRAK1,IMMUNE RESPONSE
CLEC4A,IMMUNE RESPONSE
PRDX1,IMMUNE RESPONSE
PRDX3,IMMUNE RESPONSE
FGF2,IMMUNE RESPONSE
PRDX5,IMMUNE RESPONSE
DPP10,IMMUNE RESPONSE
TRIM5,IMMUNE RESPONSE
DCTN1,IMMUNE RESPONSE
ITGA6,IMMUNE RESPONSE
CDSN,IMMUNE RESPONSE
GALNT3,IMMUNE RESPONSE
FXYD5,IMMUNE RESPONSE
TRAF2,IMMUNE RESPONSE
TRIM21,IMMUNE RESPONSE
LILRB4,IMMUNE RESPONSE
NTF4,IMMUNE RESPONSE
KRT19,IMMUNE RESPONSE
ITM2A,IMMUNE RESPONSE
HNMT,IMMUNE RESPONSE
CCL11,IMMUNE RESPONSE
MILR1,IMMUNE RESPONSE
EGLN1,IMMUNE RESPONSE
NFATC3,IMMUNE RESPONSE
LY75,IMMUNE RESPONSE
EIF5A,IMMUNE RESPONSE
EIF4G1,IMMUNE RESPONSE
CD28,IMMUNE RESPONSE
PTH1R,IMMUNE RESPONSE
BIRC2,IMMUNE RESPONSE
HSD11B1,IMMUNE RESPONSE
NF2,IMMUNE RESPONSE
PLXNA4,IMMUNE RESPONSE
SH2B3,IMMUNE RESPONSE
FCRL3,IMMUNE RESPONSE
CKAP4,IMMUNE RESPONSE
JUN.1,IMMUNE RESPONSE
HEXIM1,IMMUNE RESPONSE
CLEC4D,IMMUNE RESPONSE
PRKCQ,IMMUNE RESPONSE
MGMT,IMMUNE RESPONSE
TREM1,IMMUNE RESPONSE
CXADR,IMMUNE RESPONSE
IL10,IMMUNE RESPONSE
SRPK2,IMMUNE RESPONSE
KLRD1,IMMUNE RESPONSE
BACH1,IMMUNE RESPONSE
PIK3AP1,IMMUNE RESPONSE
SPRY2,IMMUNE RESPONSE
STC1,IMMUNE RESPONSE
ARNT,IMMUNE RESPONSE
FAM3B,IMMUNE RESPONSE
SH2D1A,IMMUNE RESPONSE
ICA1,IMMUNE RESPONSE
DFFA,IMMUNE RESPONSE
DCBLD2.1,IMMUNE RESPONSE
FCRL6,IMMUNE RESPONSE
NCR1,IMMUNE RESPONSE
CXCL12,IMMUNE RESPONSE
AREG,IMMUNE RESPONSE
IFNLR1,IMMUNE RESPONSE
DAPP1,IMMUNE RESPONSE
PADI2,IMMUNE RESPONSE
SIT1,IMMUNE RESPONSE
MASP1,IMMUNE RESPONSE
LAMP3,IMMUNE RESPONSE
CLEC7A,IMMUNE RESPONSE
CLEC6A,IMMUNE RESPONSE
DDX58,IMMUNE RESPONSE
IL12RB1,IMMUNE RESPONSE
TANK,IMMUNE RESPONSE
ITGA11,IMMUNE RESPONSE
KPNA1,IMMUNE RESPONSE
LAG3,IMMUNE RESPONSE
IL5,IMMUNE RESPONSE
CD83,IMMUNE RESPONSE
ITGB6,IMMUNE RESPONSE
BTN3A2,IMMUNE RESPONSE
IL8,INFLAMMATION
VEGFA,INFLAMMATION
MCP.3,INFLAMMATION
GDNF,INFLAMMATION
CDCP1,INFLAMMATION
CD244,INFLAMMATION
IL7,INFLAMMATION
OPG.1,INFLAMMATION
LAP.TGF.beta.1,INFLAMMATION
uPA.1,INFLAMMATION
IL6.2,INFLAMMATION
IL.17C,INFLAMMATION
MCP.1.1,INFLAMMATION
IL.17A,INFLAMMATION
CXCL11,INFLAMMATION
AXIN1,INFLAMMATION
TRAIL,INFLAMMATION
IL.20RA,INFLAMMATION
CXCL9,INFLAMMATION
CST5,INFLAMMATION
IL.2RB,INFLAMMATION
IL.1.alpha,INFLAMMATION
OSM,INFLAMMATION
IL2,INFLAMMATION
CXCL1.1,INFLAMMATION
TSLP,INFLAMMATION
CCL4,INFLAMMATION
CD6,INFLAMMATION
SCF.1,INFLAMMATION
IL18.1,INFLAMMATION
SLAMF1,INFLAMMATION
TGF.alpha,INFLAMMATION
MCP.4,INFLAMMATION
CCL11.1,INFLAMMATION
TNFSF14,INFLAMMATION
FGF.23.1,INFLAMMATION
IL.10RA,INFLAMMATION
FGF.5,INFLAMMATION
MMP.1,INFLAMMATION
LIF.R,INFLAMMATION
FGF.21.2,INFLAMMATION
CCL19,INFLAMMATION
IL.15RA,INFLAMMATION
IL.10RB,INFLAMMATION
IL.22.RA1,INFLAMMATION
IL.18R1,INFLAMMATION
PD.L1,INFLAMMATION
Beta.NGF,INFLAMMATION
CXCL5,INFLAMMATION
TRANCE,INFLAMMATION
HGF,INFLAMMATION
IL.12B,INFLAMMATION
IL.24,INFLAMMATION
IL13,INFLAMMATION
ARTN,INFLAMMATION
MMP.10,INFLAMMATION
IL10.1,INFLAMMATION
TNF,INFLAMMATION
CCL23,INFLAMMATION
CD5,INFLAMMATION
CCL3.1,INFLAMMATION
Flt3L,INFLAMMATION
CXCL6,INFLAMMATION
CXCL10,INFLAMMATION
X4E.BP1,INFLAMMATION
IL.20,INFLAMMATION
SIRT2,INFLAMMATION
CCL28,INFLAMMATION
DNER,INFLAMMATION
EN.RAGE,INFLAMMATION
CD40,INFLAMMATION
IL33,INFLAMMATION
IFN.gamma,INFLAMMATION
FGF.19,INFLAMMATION
IL4,INFLAMMATION
LIF,INFLAMMATION
NRTN,INFLAMMATION
MCP.2,INFLAMMATION
CASP.8,INFLAMMATION
CCL25,INFLAMMATION
CX3CL1,INFLAMMATION
TNFRSF9,INFLAMMATION
NT.3,INFLAMMATION
TWEAK,INFLAMMATION
CCL20,INFLAMMATION
ST1A1,INFLAMMATION
STAMPB,INFLAMMATION
IL5.1,INFLAMMATION
ADA,INFLAMMATION
TNFB,INFLAMMATION
CSF.1,INFLAMMATION
CLMP,METABOLISM
LRIG1,METABOLISM
NPTXR,METABOLISM
AHCY,METABOLISM
THOP1,METABOLISM
CTSO,METABOLISM
FCRL1,METABOLISM
CD164,METABOLISM
DDC,METABOLISM
ACP6,METABOLISM
TFF2,METABOLISM
S100P,METABOLISM
ANGPT2,METABOLISM
CD2AP,METABOLISM
ANGPTL7,METABOLISM
CLEC5A,METABOLISM
TINAGL1,METABOLISM
GLRX,METABOLISM
ENO2,METABOLISM
NADK,METABOLISM
GHRL,METABOLISM
SERPINB8,METABOLISM
SERPINB6,METABOLISM
CDHR5,METABOLISM
CCDC80,METABOLISM
DIABLO,METABOLISM
CA13,METABOLISM
SEMA3F,METABOLISM
KLK10,METABOLISM
PILRB,METABOLISM
ANGPTL1,METABOLISM
APLP1,METABOLISM
ADGRG2,METABOLISM
TYMP,METABOLISM
GRAP2,METABOLISM
LILRA5,METABOLISM
ALDH1A1,METABOLISM
CD79B,METABOLISM
ANXA4,METABOLISM
ANXA11,METABOLISM
SIGLEC7,METABOLISM
ITGB7,METABOLISM
QDPR,METABOLISM
SNAP23,METABOLISM
APEX1,METABOLISM
ENTPD5,METABOLISM
CLSTN2,METABOLISM
COMT,METABOLISM
CLUL1,METABOLISM
HDGF,METABOLISM
CHRDL2,METABOLISM
CTSH,METABOLISM
NOMO1,METABOLISM
NQO2,METABOLISM
SOST,METABOLISM
FAM3C,METABOLISM
TXNDC5,METABOLISM
PPP1R2,METABOLISM
DPP7,METABOLISM
LRP11,METABOLISM
ADGRE2,METABOLISM
ENPP7,METABOLISM
SSC4D,METABOLISM
MCFD2,METABOLISM
REG4,METABOLISM
SUMF2,METABOLISM
CANT1,METABOLISM
CD1C,METABOLISM
GAL,METABOLISM
CDH2,METABOLISM
TYRO3,METABOLISM
CRKL,METABOLISM
IGFBPL1,METABOLISM
RTN4R,METABOLISM
VCAN,METABOLISM
FBP1,METABOLISM
TSHB,METABOLISM
BAG6,METABOLISM
NECTIN2,METABOLISM
ARG1,METABOLISM
USP8,METABOLISM
FKBP4,METABOLISM
SDC4,METABOLISM
PAG1,METABOLISM
KYAT1,METABOLISM
DAB2,METABOLISM
NPDC1,METABOLISM
METRNL,METABOLISM
MEP1B,METABOLISM
ROR1,METABOLISM
NT.proBNP.1,METABOLISM
RNASE3,METABOLISM
NMNAT1,NEUROLOGY
NRP2,NEUROLOGY
CADM3,NEUROLOGY
GDNF.1,NEUROLOGY
UNC5C,NEUROLOGY
VWC2,NEUROLOGY
Siglec.9,NEUROLOGY
CLM.6,NEUROLOGY
EZR,NEUROLOGY
SMOC2,NEUROLOGY
NBL1,NEUROLOGY
EFNA4,NEUROLOGY
SCARB2,NEUROLOGY
NCAN,NEUROLOGY
PRTG,NEUROLOGY
ROBO2,NEUROLOGY
CRTAM,NEUROLOGY
RGMA,NEUROLOGY
PLXNB3,NEUROLOGY
CPA2,NEUROLOGY
CD38,NEUROLOGY
SMPD1,NEUROLOGY
MSR1,NEUROLOGY
Alpha.2.MRAP,NEUROLOGY
sFRP.3,NEUROLOGY
EPHB6,NEUROLOGY
RGMB,NEUROLOGY
SIGLEC1,NEUROLOGY
CNTN5,NEUROLOGY
ADAM.22,NEUROLOGY
CLEC1B,NEUROLOGY
ADAM.23,NEUROLOGY
MATN3,NEUROLOGY
RSPO1,NEUROLOGY
HAGH,NEUROLOGY
LXN,NEUROLOGY
gal.8,NEUROLOGY
BCAN,NEUROLOGY
LAYN,NEUROLOGY
NEP,NEUROLOGY
GDF.8,NEUROLOGY
THY.1,NEUROLOGY
WFIKKN1,NEUROLOGY
TMPRSS5,NEUROLOGY
CDH3,NEUROLOGY
GFR.alpha.1,NEUROLOGY
GM.CSF.R.alpha,NEUROLOGY
Beta.NGF.1,NEUROLOGY
SCARA5,NEUROLOGY
CD200,NEUROLOGY
NTRK2,NEUROLOGY
GZMA,NEUROLOGY
G.CSF,NEUROLOGY
DRAXIN,NEUROLOGY
SCARF2,NEUROLOGY
GDNFR.alpha.3,NEUROLOGY
PVR,NEUROLOGY
TNFRSF12A,NEUROLOGY
SKR3,NEUROLOGY
FLRT2,NEUROLOGY
CPM,NEUROLOGY
CLEC10A,NEUROLOGY
GCP5,NEUROLOGY
BMP.4,NEUROLOGY
FcRL2,NEUROLOGY
MDGA1,NEUROLOGY
IL.5R.alpha,NEUROLOGY
PDGF.R.alpha,NEUROLOGY
CTSC,NEUROLOGY
CDH6,NEUROLOGY
DDR1,NEUROLOGY
JAM.B,NEUROLOGY
CTSS,NEUROLOGY
N.CDase,NEUROLOGY
NAAA,NEUROLOGY
N2DL.2,NEUROLOGY
PLXNB1,NEUROLOGY
TNFRSF21,NEUROLOGY
CLM.1,NEUROLOGY
SPOCK1,NEUROLOGY
IL12,NEUROLOGY
Dkk.4,NEUROLOGY
EDA2R,NEUROLOGY
LAT,NEUROLOGY
NTRK3,NEUROLOGY
LAIR.2,NEUROLOGY
MANF,NEUROLOGY
TN.R,NEUROLOGY
CD200R1,NEUROLOGY
Nr.CAM,NEUROLOGY
KYNU,NEUROLOGY
TXLNA,ONCOLOGY
VEGFA.1,ONCOLOGY
CPE,ONCOLOGY
KLK13,ONCOLOGY
CEACAM1,ONCOLOGY
MSLN,ONCOLOGY
TNFSF13,ONCOLOGY
EGF,ONCOLOGY
TNFRSF6B,ONCOLOGY
SYND1,ONCOLOGY
TGFR.2,ONCOLOGY
IL6.3,ONCOLOGY
CD48,ONCOLOGY
SCAMP3,ONCOLOGY
LY9,ONCOLOGY
IFN.gamma.R1,ONCOLOGY
ITGAV,ONCOLOGY
TRAIL.1,ONCOLOGY
hK11,ONCOLOGY
GPC1,ONCOLOGY
TFPI.2,ONCOLOGY
hK8,ONCOLOGY
VEGFR.2,ONCOLOGY
LYPD3,ONCOLOGY
PODXL,ONCOLOGY
S100A4,ONCOLOGY
IGF1R,ONCOLOGY
ERBB2,ONCOLOGY
ERBB3,ONCOLOGY
SCF.2,ONCOLOGY
SPARC,ONCOLOGY
GZMH,ONCOLOGY
TGF.alpha.1,ONCOLOGY
FURIN,ONCOLOGY
CYR61,ONCOLOGY
hK14,ONCOLOGY
FADD,ONCOLOGY
MetAP.2,ONCOLOGY
PVRL4,ONCOLOGY
FASLG,ONCOLOGY
EPHA2,ONCOLOGY
ITGB5,ONCOLOGY
Gal.1,ONCOLOGY
SEZ6L,ONCOLOGY
GPNMB,ONCOLOGY
CAIX,ONCOLOGY
MIA,ONCOLOGY
CTSV,ONCOLOGY
CD27,ONCOLOGY
XPNPEP2,ONCOLOGY
ERBB4,ONCOLOGY
HGF.1,ONCOLOGY
ADAM.8,ONCOLOGY
X5..NT,ONCOLOGY
CDKN1A,ONCOLOGY
DLL1,ONCOLOGY
MK,ONCOLOGY
ABL1,ONCOLOGY
FGF.BP1,ONCOLOGY
TLR3,ONCOLOGY
LYN,ONCOLOGY
RET,ONCOLOGY
VIM,ONCOLOGY
TNFRSF19,ONCOLOGY
CRNN,ONCOLOGY
TCL1A,ONCOLOGY
CD160,ONCOLOGY
TNFRSF4,ONCOLOGY
MIC.A.B,ONCOLOGY
WISP.1,ONCOLOGY
CXL17,ONCOLOGY
PPY,ONCOLOGY
S100A11,ONCOLOGY
AREG.1,ONCOLOGY
ESM.1,ONCOLOGY
CD207,ONCOLOGY
ICOSLG,ONCOLOGY
WFDC2,ONCOLOGY
CXCL13,ONCOLOGY
MAD.homolog.5,ONCOLOGY
ADAM.TS.15,ONCOLOGY
CD70,ONCOLOGY
RSPO3,ONCOLOGY
FR.gamma,ONCOLOGY
CEACAM5,ONCOLOGY
VEGFR.3,ONCOLOGY
MUC.16,ONCOLOGY
WIF.1,ONCOLOGY
GZMB,ONCOLOGY
FCRLB,ONCOLOGY
ANXA1,ONCOLOGY
FR.alpha,ONCOLOGY
CLSPN,ORGAN DAMAGE
DSG4,ORGAN DAMAGE
LRP1,ORGAN DAMAGE
CLEC1A,ORGAN DAMAGE
PXN,ORGAN DAMAGE
SMAD1,ORGAN DAMAGE
ALDH3A1,ORGAN DAMAGE
CSNK1D,ORGAN DAMAGE
TOP2B,ORGAN DAMAGE
AMN,ORGAN DAMAGE
PGF.1,ORGAN DAMAGE
MVK,ORGAN DAMAGE
ADGRG1,ORGAN DAMAGE
TIGAR,ORGAN DAMAGE
ENAH,ORGAN DAMAGE
EPO,ORGAN DAMAGE
PDGFC,ORGAN DAMAGE
AGR2,ORGAN DAMAGE
PRKAB1,ORGAN DAMAGE
DPP6,ORGAN DAMAGE
AIFM1,ORGAN DAMAGE
BAMBI,ORGAN DAMAGE
CAPG,ORGAN DAMAGE
BID,ORGAN DAMAGE
NUCB2,ORGAN DAMAGE
NOS3,ORGAN DAMAGE
TNNI3,ORGAN DAMAGE
CES2,ORGAN DAMAGE
INPPL1,ORGAN DAMAGE
SIRT5,ORGAN DAMAGE
ST3GAL1,ORGAN DAMAGE
FES,ORGAN DAMAGE
VEGFC,ORGAN DAMAGE
CA14,ORGAN DAMAGE
RCOR1,ORGAN DAMAGE
LTA4H,ORGAN DAMAGE
EDIL3,ORGAN DAMAGE
FOXO1,ORGAN DAMAGE
CA12,ORGAN DAMAGE
PLIN1,ORGAN DAMAGE
PRKRA,ORGAN DAMAGE
PPM1B,ORGAN DAMAGE
YES1,ORGAN DAMAGE
ENTPD2,ORGAN DAMAGE
PDP1,ORGAN DAMAGE
VASH1,ORGAN DAMAGE
LAT2,ORGAN DAMAGE
KIM1.1,ORGAN DAMAGE
STX8,ORGAN DAMAGE
ERBB2IP,ORGAN DAMAGE
RASA1,ORGAN DAMAGE
MAEA,ORGAN DAMAGE
GALNT10,ORGAN DAMAGE
BTC,ORGAN DAMAGE
PON2,ORGAN DAMAGE
MAGED1,ORGAN DAMAGE
NPPC,ORGAN DAMAGE
BANK1,ORGAN DAMAGE
PLXDC1,ORGAN DAMAGE
NBN,ORGAN DAMAGE
MAX,ORGAN DAMAGE
ENTPD6.1,ORGAN DAMAGE
MAP4K5,ORGAN DAMAGE
ITGB1BP1,ORGAN DAMAGE
NUB1,ORGAN DAMAGE
RARRES1,ORGAN DAMAGE
RASSF2,ORGAN DAMAGE
CALCA,ORGAN DAMAGE
CRH,ORGAN DAMAGE
METAP1,ORGAN DAMAGE
PDCD1,ORGAN DAMAGE
PTN,ORGAN DAMAGE
SERPINA9,ORGAN DAMAGE
ATP6AP2,ORGAN DAMAGE
NCF2,ORGAN DAMAGE
FGR,ORGAN DAMAGE
PSMA1,ORGAN DAMAGE
HPGDS,ORGAN DAMAGE
STXBP3,ORGAN DAMAGE
FKBP1B,ORGAN DAMAGE
CNTN2,ORGAN DAMAGE
WAS,ORGAN DAMAGE
PTPRJ,ORGAN DAMAGE
RRM2B,ORGAN DAMAGE
PTK7,ORGAN DAMAGE
PVALB,ORGAN DAMAGE
EGFL7,ORGAN DAMAGE
FABP9,ORGAN DAMAGE
TMPRSS15,ORGAN DAMAGE
LHB,ORGAN DAMAGE
FOSB,ORGAN DAMAGE
CALR,ORGAN DAMAGE
